<?xml version="1.0" encoding="UTF-8"?>
<flow xmlns="http://www.springframework.org/schema/webflow"
      xmlns:xsi="http://www.w3.org/2001/XMLSchema-instance"
      xsi:schemaLocation="http://www.springframework.org/schema/webflow http://www.springframework.org/schema/webflow/spring-webflow-2.0.xsd"
      parent="parent-flow">

    <!--
            Also see ../parent-flow.xml. 
    -->
    <var name="dataTableView" class="co.com.primeFaces.DataTableView"/>
    <var name="userBean" class="co.com.bbva.eecc.war.service.UserBean" />
    <var name="searchCriteria" class="co.com.bbva.eecc.war.service.SearchCriteria"/>    
    <view-state id="onboarding" >
                <transition on="confirm" to="ficha"/>
    </view-state>

    <view-state id="ficha">
        <transition on="gestion" to="onboarding">
        </transition>
    </view-state>
</flow>