<?xml version="1.0" encoding="UTF-8"?>
<actions>
        <action>
            <actionName>CUSTOM-tomcat run</actionName>
            <displayName>tomcat run</displayName>
            <goals>
                <goal>tomcat:run</goal>
            </goals>
        </action>
        <action>
            <actionName>debug.single.deploy</actionName>
            <packagings>
                <packaging>war</packaging>
            </packagings>
            <goals>
                <goal>package</goal>
            </goals>
            <properties>
                <netbeans.deploy.clientUrlPart>${webpagePath}</netbeans.deploy.clientUrlPart>
                <netbeans.deploy.debugmode>true</netbeans.deploy.debugmode>
            </properties>
        </action>
        <action>
            <actionName>debug</actionName>
            <packagings>
                <packaging>war</packaging>
                <packaging>ear</packaging>
                <packaging>ejb</packaging>
            </packagings>
            <goals>
                <goal>package</goal>
            </goals>
            <properties>
                <netbeans.deploy.debugmode>true</netbeans.deploy.debugmode>
            </properties>
        </action>
        <action>
            <actionName>run</actionName>
            <packagings>
                <packaging>war</packaging>
                <packaging>ear</packaging>
                <packaging>ejb</packaging>
            </packagings>
            <goals>
                <goal>package</goal>
            </goals>
        </action>
    </actions>
