<?xml version="1.0" encoding="UTF-8"?>
<flow xmlns="http://www.springframework.org/schema/webflow"
      xmlns:xsi="http://www.w3.org/2001/XMLSchema-instance"
      xsi:schemaLocation="http://www.springframework.org/schema/webflow http://www.springframework.org/schema/webflow/spring-webflow-2.0.xsd"
      parent="parent-flow">

    <!--
            Also see ../parent-flow.xml. 
    -->

    <var name="userBean" class="co.com.bbva.eecc.war.service.UserBean" />
    <var name="searchCriteria" class="co.com.bbva.eecc.war.service.SearchCriteria"/>
    
    <view-state id="ficha" >
        <on-entry>
            <set name="flowScope.headerTitle" value="'Ficha del Cliente'"/>
        </on-entry>   
        <transition on="confirm">
            <evaluate expression="fichaClienteService.buscarCliente(searchCriteria,flowRequestContext)"  result="flowScope.fichaCliente"/>
            <render fragments="ficha"/>
        </transition>   
    </view-state>

</flow>